User,Total in Minutes
User 0,14.486591162790697
User 1,11.483333333333333
User 2,19.126517676767676
User 3,14.914688095238096
User 4,16.610787554876886
User 5,9.047888677130045
User 6,11.366436088709678
User 7,13.625592235609103
User 8,14.317737681159421
